primary_user_id,current_state
az8FNk0UMkw96oDZA82Z5,3
AhzuQ07YKr1rLH6fgOT4x,3
3w7y33Wwbtsij773wxjXj,3
5aR3jOAV2JCPm5NxqSNmU,3
T28Fu221qqs1GFYflMHjy,3
7gdIEdaVOkIYk4LXRImnT,4
q9DOlUL5hQ59VOhEp9Ejy,3
jg88HSeDwcykxusfLdtcG,3
FoknsDjsXUD7wLKGBzjiL,3
YAak1lkTckI88zogtSMt2,3
mAhoGtiop11h2qYZcvnL2,3
VNqsaD3AuBR3uvKVShrhL,3
IECUXEP4l7zZpRitgzJua,3
YN7zFeQOs8xbaFY1BMdKs,3
L6tSbs6e9r4fSxwkeQDiN,3
g08dDEbZvhymfJ8NdNCGh,2
wVfFxDZ94VPs9T81yUSdp,4
Ce8CjWX379JwHUJGvwi8x,3
cUCs8UQjTZZnHku0Rkaof,3
IyXdMhONK9lkWNwRtCeNi,3
Ol91I5ZmUgoJnsqvxMGNW,2
QlOcIOwvetuP9SeueeoDb,3
nles1DZndMZANupSxkMTA,3
fit2fHeQEsjxkz03AHJL2,3
5yAz5nuYuUL85sY52q2kH,2
0B9mPtoydui80AUgO1UQq,3
wytZ9STwI9dK4KcNmRGns,3
yy9EFzmtRCbKMAtxrrf8J,2
SmLuSlHT8OzIUsFpXsxGC,3
EQJY6Z6Yw,3
Z63lMAzFsa3Pj4yKfthz8,3
lxLTh48tVmpRkL4wHSALL,3
0tRMgmpn3Ie6SsfwMJeql,3
tqob0TJfsWAqjIF99NESl,3
WF0dzY5AFwduhnycqPPB6,4
1vmUk7andjBhAEITGVzDg,3
oonwvwfRyZWzKN6mrs5Fi,2
IuQvyu7rJAsJ5GteZbWqb,2
cqZ2bfxJ4jhLjIx9mKCPt,3
AwoQE1Up4EBp6MYwPZQmN,2
Wqf4lM8NLJYYjilXxAjyw,2
fObVKiG1UMNuq00IU9XEs,3
Bo359Aw8l3bZbkGj47CaV,3
q4wYsZ4j4rClKMvlGk5cx,4
C1A7BVCc81mRVWN2WGItX,3
ohwNSwO1rt9h56smMJbu5,2
tCkEYVZbdsWVSXBn8K3rz,4
IxwckloTr71niTdF71F4J,3
TzDgYaUkATjx2E7x172CQ,3
GBXpJIOIa,4
54Yg9xTzO4FtCM6go6IcE,2
KKNJEr8Ro6hKabrpKvPSq,3
7a2wEeycXy2AIhKn5ADON,3
jw7cSYwqHH8frpuEoy2QN,3
xOTUVOQwTjcsULPdwgwDx,2
DK8f5DKoxRdpABrTa9wiX,2
PBjyLRtCk4mjkbvxStZil,3
1X7xfHBQv6Mhvtc4ssIcZ,3
8J06TpR6H4PDkLNNH4Jqf,3
5cS2fTOw2KCtqS0jdReBf,2
xod31vTNWKbQR6NzspxhD,3
Um49BzohhlbCycyk0bFkd,3
N1CsFMU9H9MknD0uPvuGM,3
HKtv6TXst0FzCDmhQrbBp,3
kdBeJSyTdlFtNkvV5NayB,3
8vBt8jjF7jnaShpdZSiiC,2
ptwYHjcH39SICG8RB3KE0,3
UjEgIUm51Xg1fk4LC6tZ3,2
1WrvuikAKpg2ljxe1YjUl,3
sNuM5ltqQgQpf34Gx8FZi,2
YdK2CZDtiJTNdqwPP7x6y,3
w5rFqa4t5CdrP9bHSWOOW,2
-LCj1vhHo,4
ZOyA9kkdXF14uPHZgpLYp,3
Tyf2ufNdw2CgguXwH5N6V,3
LJEAvyJVFo4pT0vFi2eNM,3
HHH8uEQQnN61MTDiwlpHA,3
wWUbvaUFE15aNum9jH98t,4
8ekbkvCzkCLvlXDQVFLxf,3
esoSYtyl9n3btS2bK2wQt,3
69v6xazlloi41le4VHzOW,3
erzWwhqFq9bA5ZuxVrB4o,2
YSRifJeDBolJ2b4Hlz0ky,2
ObZT5A3Fv,3
bnCMwRbwTEXwTt1GnSYba,3
EMgtAjtgz,4
Zk2IuwrZIRzoM2hYuIOyr,3
Qb5MmVYvUojibN5wALxjF,4
ETAYhmxdCkKWoVifP0UdL,3
iOJyTAOwgqXTM7RSpSv8L,2
AfGBb0UHbRA4qShn2GbRf,3
UnsPkhqtU,4
12Px7wX9ZYDPHb4TH18f0,3
mAhtDk0P7IXynnd0BcQ9f,3
zpsp6V2OVb3AqCIkeiPms,3
Zh8k8kjL4IstUfHW8LbW9,3
yYb0rhp6jZ8JoIwkR6XnD,3
HCcSU0NbrHDcqbOqnYjgR,3
8NWRny70pcDtYhsPVq8gf,3
MzWlbjHfiZdYwY764Tsek,3
L4HbmLJ9lVWnrdorWKLzC,3
swMKX55B0AfWN1b9cSNnz,3
o9pATf3D1y9pUcRVEbGrX,3
Sb8BuSCPls15lXmAzJ5ER,3
TLEhUP4nipYGVfEN23qgX,3
x0ogy7X61KEaRKXzSOcsi,3
2aP29F2BnUT95JP8PRq0T,2
YE302CdP73rHZRTx7hy5O,3
ANyyt295wGiODlE3rKacc,2
oDkvjModL8oE519Cy6tlh,3
N2jn9IyNOsz7mMC2ZJgPd,3
CmELVwG6j467mf8ZDmhBJ,2
1UPPN9lW3htp1iLNOGr4W,3
3UshSLRY35IEWrFfn02Jk,3
RFzJM2tpinoPtQL8Sg3Zz,2
DU7qk8PEM7tTITTXQqPvX,2
tTaAUJZZ6yECnaSwRk9GL,3
koJ9cGAdoa8RMrYy27KQg,2
upOOgLXsmIK9ujwJMZct9,3
dmryvmYBdCFVAhoYX37WY,3
zkQt9mgUyFalcgwxKphCe,4
5VdMn1LgCVLjFxtDhV5Nc,3
ZPWr51ffCqaw2JWsjDYG4,4
HXQrLOBJ7MePLTMtfP2e3,2
h8uYpXtOcMOSspX76mwbt,2
8HP9mB13xbAOLdUAWEZBV,3
qh1HVYwQGZXiAj44y1sTX,2
POBsA05cTrdhgdKxYNuiY,2
dVhmo30GfAuh7w0Y4FhLv,3
Osp6Pj4iuCjATEilNgeGX,3
58YNG1Y0Q9YXQeXH87bLm,3
4CEco4r8LDYNniBjjAbo3,2
tSacZBT6yNlArrjL2TFBl,2
K1lbv8lh9Zbk2oBbvzBKH,2
aFv2NpLepOgVGjJAhzsbr,3
CjvH2Pfh9Zc6I0tC52bGX,2
nv5dKNz3qVwQ7LCf9ZbYB,2
dYi7IB0CHzsiFfcST48sk,3
XvGBpR9BfoBzZwiNONvw2,3
L9BSbgLQMFSXJqNVvOImH,3
KrNwxvrQ2GQpQ9Xx5PWdL,2
KoBQ2g5Iyqhm70Ve6ug5I,3
PFQ0f9qMQeyHE2uSVrQT0,3
Dj4XbM8LzhOr8nWXw2Mvw,3
ur0NhNC1gttTYy828ilxV,3
b0CODskvminv17js1AzHK,3
W5Hpw1VhYV1wfOpezbkq5,2
dXuEm6RkpybJukWUMgyUh,2
0wUpZKrLWFFIuAUM0PfCL,2
FESAZLhD8lGzuF1j0ef97,2
vJ5LzKV4kQHN70as02Bk3,2
pk9fBEhnfgUZwNRkWchgg,3
aTnt1zLr8zd8MORbkEbUw,3
SzC20qb743hp0qMkMX1T3,3
O4lLyRBTqhN4RCJrkSgGt,3
8A3VGBJA6koTqolKwhrLq,3
2M4SaontEgTKAHpDCQ4FN,2
pajZXP2H8bOS4xdrKOwjd,3
34knwtY29ZY5ZkcSym7pT,2
AV26ot26keMYUpe2nqaJX,2
OCk6FeC4AeBtFc09hCpqZ,3
KSlsSIEluFWkyzW2Qo4G8,3
VknRqUXh3KYhn4nSZemVl,3
oT3wm5PGQromPxwDil6ak,2
5odv5tzJEMpnsfTTJKtYL,2
kuuDyIttBznOkn6E4eW4J,3
Io2yYaOg6KHu2echBFVS2,3
jQ4UC8WmRpeYISl8E3fcX,3
wP965CQ6UZme8xONUiTPh,3
RuXs1Q3r4epzLNlSL4kyN,3
sGLrSI4KFtkZmVtnbH5bP,2
JgFAdZpMq88l4TeJaeMr6,3
FgjlPtGSyuASGjoMRx0hF,3
WJMB5px99ai4Xynx6We3K,3
GfOfMpEUu7bv8hT5GPq1K,3
lu8EPcV5WrpOZk5j8ImfB,4
T8BdqJXHY9ZEwAxammEb4,3
SBvoCFoaGwq1w0CvoBbAX,3
37AmRD266zVId5SQm91FL,2
UxpR2BJ9fMmowjzIPYofl,3
zLqneG5Si7aHH9UXQuH8P,3
qQ7YxkPbJqk7Xgf3NhVUu,3
cwkYLWcXFLXGOU3vbPoqd,3
fu0DHRbfYHFh8d3cYhYlL,3
Utw7s9r7deQoKLnDBlcCI,3
OGAEo7ea15lFJ64BpNopG,2
kH7MRxXq7tllx42AYdwcF,3
TTbFxGJJE5IO425Rr54K1,3
FNwr8mtB9dDCfYl03n5ZX,3
9DX7pFpUvwXFuGZslK3qp,3
dCIhdsGO5NlXpi6vl8QxN,3
0kezV2fBIatkCPgAvQ8vb,3
HFcMmzjXvr2P7rFoyHJ9p,4
cnBQm7KJN9BZXJpcyALK4,3
6rY2AG9jg472DkhmXiKwK,3
NFbX9dRY6P2NDBgnDVANG,3
KjTuldnc1hiXfcOlgyjd3,3
qDlU5LuBvteEbQ0AR1LIV,2
1Hfujff0CGYePZwEjxTGO,3
TTeue3Y5LsEt1UKNlQ0tw,2
igJUqGo8jRUXbbRlpgIRi,3
3l5qd3g8tJlarHlYMt87j,3
LBMh79soxKZsNoyHjfSRz,3
RqoRDQUZRwolIqqCvFMXE,3
DxwrW8wKSNR8qqIHakcan,3
OlCQNlPnfzSEymqndpM3B,3
gA6Hm6VIFR4RIeCgqbj7o,3
7fok0Hr2PuDQoUUZg9Gmm,3
f1S8ORmrVyI0cvDcERuMu,3
AbHveWQaXFBBRPgKaoulY,3
qb2bBZ5uNgNuUmAqYO3wa,4
doisUbe29hjwak7adishl,3
1QKy88vq0ZeSHDolNkG5q,3
UXtuNxBGgZGv9ElMauiHG,2
LWIIdjXyl,4
SacH5QLD21iVcSgt9S2lR,4
dAvPVGKWlGRcggLuEcjFw,2
1zTfQM2HiZRYp6A3yEdE8,3
W3o5rSgg5zoLbVDiwjAEM,3
ZYdeaQB6IL92dPkLguTmw,3
hFw0m1r9ilooiFXCyIQmJ,3
vzsPKzxRn,4
O2TcvxR51fJfCYYyHfUEF,2
Cs2fhjBKBTcG3HXRjxkvL,3
8UGNUuKpAFgNhdS3YOQPw,2
hB8VGEF6bJPt3iOYDxaBf,2
W7nqA9SVCmfE3JAY6gJrO,3
WTS0Vk9VHFNjlxC9fFKgG,2
tBFWr7wf5pULN5Epqj4UH,3
2cTUu4LABVI0Wx6FosMvu,3
KuFdK8QCQYjczSfuofmhW,3
1YV1pmvujYVmsaVqAlVke,2
9r7waxLX8AkN73OuDi7pI,3
cdeDgYhfX,4
fFe_5yUrA,4
vzbtoF7hXmqgAtMdNaaI2,2
ZHSNmXx7xuYFKjGCOmGQv,3
TQQSCCXO37zUHlEZa3Nxj,2
IY4aoW89pDxDxnZauh4UD,3
usi3Id5feZOFK3PCbVQVW,3
17YhabOfMX8wiKoTWaBsy,3
fFZCMIQC4py4sP02YDBb1,3
i5Z9iNelBrx41Z8LOJGEu,4
H1gFmWT16KpmufpsFZchp,2
zRO4XxupgzGdNHZ3HM54u,3
D2v5bMLKkVae74gDKLELk,3
OETj6tTDmdCriyKVYrPEU,3
dMYaMVBEgpXSYSebFzBL3,2
11jIVeHJujAjXVFfADq4V,3
szbhyJjKy8WuHURTzJeVf,2
zlH2Fim36qc7ct6mPLvrL,3
GjSZ0AEUIGarFpXbwBw8K,2
ena4JMVcFpURmdv3SqpUa,3
xaufTPMdOou6iFqKHvgAl,3
alJDvXyeFhILmbwxNXsIY,4
KBzEDI3lGXOWh0iiJPyFZ,3
f8592499bed84f6ba53a3e5bde39dcc8,4
CkjwMowFQ,4
wH6zMdRVh3NhSHVfXOrhj,3
AKwaNG7SvRRXPRQnuRA9I,3
SwXcBd824nWK2D8YFhylg,3
0WA1VMvXlr4q3kKaIQuU7,3
XZfzzlPpv0pLmY8CuDQf2,3
mG3QOfNPHTp81N35CsQyS,3
2U6thoRjwn,3
BHTf13n53TEoXMfScSv7d,2
5oTHhngpKGU67fCKaDLuc,2
zCjdmdOXISSo474rf5PIP,4
tfcujciKC8PFBRhEF16bR,3
B7kILFByHEMHykR970ap6,3
Jbnd80SnxJkcq6bvSmJd6,3
DK9tok3jXerNpaLGJTQLT,3
OrXNqNIkeZl5L4KMioWLh,3
cXGZ6eFY38oZovqTC2GLz,3
TQXco3uyKkPckDHZizNZs,3
MBp009j1KrkoAEgE7lWTe,3
XeKGLyP7ETrazhD4W6kAw,3
cRNeNd8ghzbtmZHcDF9Cu,3
ilvodfEcPIQvjh3XCZW27,2
yYng5O93U1GEKpTwsWDSs,3
ECAHxoBVm0uQHaiQj0rjP,3
7UUcssIRz,4
C8gt7De3OBW6ZaIBBwtQs,2
Kq56LhUnFOUlIyeTmleQv,3
G5SJUCkPxc0XbratKnRtW,3
gk-be4G25,4
jMRIAHVRg8zUb0UHZN42k,3
I0xrCW2nzqRjD4T442fHZ,2
sBYKm5UeP5RO7ALyp3Mhh,3
MEg5NCQBoFNdLgBCa52yw,3
pmlMVOgqEbEmhxjH5f771,2
vbSJQQ1WqWHak6AH2qF5q,3
y5lz7CWQIpDNpcPuMaLJN,3
OHurAAr4GAMfUoM85jIzY,4
1EXSFAhTDDQ9RrrVAPHTz,3
MXMSpAXJTrtb2mRUzQ4Bq,3
s5lwJOXvSsGCAss3OQsOG,2
sqFNMmcXym8ToCCGFUC4K,3
I7wbW3URQayBQ15zjIjdB,3
5UFj4XhTkAhATsX2iBNcM,3
kJwU8vsdRnrINAyOTTHwq,3
OY1vuht7aidTLzCfmxjdL,2
VjOUgA5bnF0ClXf0TMQBy,3
YL5qNoBFKR7ltk61MhNLq,3
iHffpmd05JA4FhU6SsGp2,3
j8QHlGOvEsr7siPqblzF5,3
wPTbl762ywyT6iNEagKv3,3
t6FdciaIKV1APuTGRz6cT,3
kfKnLr5kW8YxRFikiXoTX,3
TCR1dKrKr2rEw9Iyvzwk0,2
rthQKAhjfox6oCKz3uh7Q,3
xPwdRV2yVDMZskRxsV3VQ,3
pWvJ0YX7olZji1RCNbrPi,2
78LJkkJ3tOLIlAWgCA33l,3
cqc8P8Qd19r3r3HmSa68G,3
DfJX4j02assfQPGWZWkRk,2
mY9v4Z2AiU05axwowDoU1,3
35XX6VRRNPzWuDS4YA6qw,3
Z00WcIigubLXUJqcHidQc,3
r8E0HNDqFriUKniLQClVt,3
3h0L50rOBggKea9Az79D8,3
6yTuunqN4Pk3M7sKo9j7A,3
C41vLXCSEVzu8F4QIARcC,2
PnNFNfeHuW5LRJaByouS6,2
eG1uPshRszH8Sh1aXBQpM,3
oap1TZwqTI14q5z0q7vEJ,3
3ROSSJELbcSeOwBU0yhdS,3
N87EKtHiqQAlEARABobUE,3
6B74iXHE8rArcNgRTruER,3
IxfjARLiFU6f9ndtorhE2,3
NC1vaA01OAW95JiMFShAq,2
WckYNv65RWAhcw6OmxrFD,3
f7Lcn9sXbNYRtZ8Z8TpNh,3
bYhPF99PqfnVAClVGYwkM,3
5Qc6BUNgrV5atyUREZaNA,3
FdFggYFfCxR0KXQZ0WpAl,2
H5f4065QbkRDajwHycE19,2
f7ZJc4nzTyFWq1nnyJC21,4
YMoN335auEhKBSyxPL5B5,3
hsJUO6hPFd6JGI4oOFCS1,3
zvDHrEOApR0JZZVGYDYLO,3
Ts8AsjOvXqpg9oBCfj8op,3
XBTCnmTbHF9vwq4Jmm6TX,2
Nym4iYhgOppNDAEbNI8am,3
pa3Uq2a5j4s7rTPznT6SD,3
M0pmOh5dMj8BawnfFcoNp,3
wOCQP9JiAAcI8a78va874,3
dGLvLoJ5MRFRMY7f9p31Z,2
XvktteOgw2vlxA40l0F2g,2
nsTJwcLEnG2qBQEb9566j,3
Tna8xWh59I4gkjcmYLtyP,3
K7YRkR7waHQanA2kRGymu,3
bSQhBDTXDaz6m4ISTHQa4,3
jQsfsBRaKJNShrczRTi8i,4
Lo8odZEbRFWNtkXoMG4ro,3
sC8bShZtB,4
nak9XCusJWJiKe4E6GaNt,2
kJOwMhz1lPfukuSvshlYh,3
HP6il4EJG,4
v8LP8xcSeokPEZWtMrWCG,3
2AY0JxlJl6s7f1DVTUBgj,4
TjQKrGx6wTliESr2sIfl7,2
lMrStGlUvFqohboYdC5cC,3
KnuP0V29RcaGguuodOglt,3
V56ZyWme09IXUWEtR20AK,2
ruOMvUWzOnYVnWuWe7RLP,3
WsnQJoUmKfrd0xBsV0U2t,2
4xbkb6yadf25gI20CSCKy,3
LDDDDAQtYedsIMrhlye26,2
kNIlycYN8kZNxQ1a72uLW,3
eSCIYn8IsvFMmKiQA8HXX,3
RwxGNmt5iaCGUD1HtLZ8y,3
JbzgI1JAnXLRAPpoye2WB,3
sYvt2BxJFoCLuFp3atO6L,2
YFxuwgZm3nSKareqvCsKt,3
OWeA14MvwTXozqYNyaYMv,3
tTQUyzEW70mQBvSnUMfcI,2
W2nWWU3LAEbv3T5Kz65Ua,3
tMJBCQORbVu0XO0HNl5C8,3
M8mSvWJt5,4
p1Bq2mPm4YX3et6iiazOe,2
rNm0LfQ1qGkUJK3Z186zh,3
LJ2YW1WBKFdmJgnF63Ar8,2
7pEXekejJaqOkjkYLgEMe,3
n4oZ4znCwUqCGHSnGtEU0,2
qSANLxaVQom9t7FyW9c8Q,2
fYDllZFsXdMXjJhbKj1j5,2
3Miig67m3D1mSyGm0Ksqd,2
UV5xNFQ2c5PzA2sHYSu2J,3
p7xtqPKXGaZTYeApjnwph,3
oVgyCDfU9u8YJstSARDwR,3
N1QHcGDcMDp1ZBKV9dISi,3
GC5FZK40mNkKBbxZxUw6U,3
15lUO7zqpbYbELpybrrBo,3
rtiEfRgfYSQsCeJiWy0bE,3
DiCbJxzGqVqYCbpkx7kyv,3
m2W8sLhdouhpDbxeRTj0w,3
LxHG8IWCZrHY7UFwbfqKg,3
Dys6WfpMr2XgermWO67KY,3
xTOOscfp6tJMURhM7nAtz,3
nNhC5PywLhT1scv7kDRyd,2
O7zXkBUrHedY0Lu2pW5Mb,3
nX8yVvib2Q4zSDcMHBd12,2
m7pVBRJVqx1qMf5stnZed,3
vTLtxDUqdtCsFN3GKrefs,3
yv84d5fjDvdPQBIHyX3bj,3
eg12TBRL8pMVWeVUE6HpF,3
UUyPUFnF95tken1Twfktk,3
w0ZJBsYEMYa2LF7TweTOV,4
rboQ1M9vPQHqSnlEx3V1o,4
9SsrJptyWXzVKnezTl9g1,3
qjUwUdYxWW7S0VqERc0Pi,3
8oyHTsDVnLi0ROyWmgxB6,2
8wBL8705egTSgt6JWwr14,3
IYtxYnnQPZij3OSqfu1g9,3
Q7dYpJFuGLP2emZR0hgdu,3
VqQECaxbnBSAuYeRwp6xX,3
goqEngNoqwayiPiJcLV6Z,2
baIjyPaEXc1P3MKXARPbD,3
rEw3CrkXjQRJnTUaT6cEN,3
KxftJIhhQ,4
iuJA6reYilZzG5TZvXDS5,2
Dxi6GemLWay8HmGZ7RZSf,2
mT50p48YIJ333AgM75ojA,3
O2e4odCdx6O10O7ydOoCF,3
xc32SnGBpPxs2A264Kw7a,2
b65vZ8v0yXvr73sG9Exek,2
WGGPKg2U2,4
rBN68MDnmoO3DtX2PhEfv,2
ZTKWc7tlxrZ8k4O065utb,3
hTDhe9NwabSlFQtT4KNyR,3
0mLMhTIp45u3R3A5kzyue,3
ie0dviAA8ZBSQEj7o56pI,3
lL2k1XuIimOJVSxlMAKrK,3
tT0nNyMqetA7opFWtg5Fi,3
KuyIP2eKcmb6nlIkpGZf1,3
NnTqSh7d9mfLrIz9kIFxX,2
SmMbLoQiejN9AY9HHUsCB,3
f7kq3s0HbjVjYmkcxTKx0,3
N5wjaBK7JCGXb5m1Cr2Ad,2
YpaOIHgs7ZwUOPVxMBq8v,3
1auNJSoGjg7UogvaWrZDd,3
ShbrH007qsPXK3o4spySX,3
CNbr5SQcjM99ErDuhnnmm,3
6sEHo0idQCjtzIBzvolgQ,2
yo9OtaBMLn99Y9xkxWATd,2
PLQk1qnH3CCoj3wD5ouyd,2
fYnLz2GnVubCa8YIakFmh,3
N1W8OBxPmTPquCOXKDVRi,3
0pppsXoBP,4
pWDz9xrwluSwB4MLtHgSB,3
O31B9smuSClQXtb6lPWml,3
PpEwd9ZDs4v833NARaYXP,3
WsXrltT2lF7h0XSTZyjdC,3
bbFTqVUhgEu9LjQM8Sk9q,3
A0rDAr3OKscytPNWZboV5,2
psraK5lEb8xgOgG1V7QNI,3
EJaD6LtENLj8NAP1fBgLg,3
wuaMiI6pZZGWF42PNfR9d,3
pAu4cWNeBbOzFtEZ6yjUN,3
9cLX9lZoJ2uThM2D2ksM0,2
4i6PpDMXB9o0zcmZjXaGG,3
s2u5sJyv7pGqdX9ZHaFS2,3
HXB3zWn2SwtxUO6t9WK09,3
d0uj4P8mYhXaqpeLL7YuK,3
j7HpmOf40Pce5kbQqsqNG,3
jHdHnFWKTzI4ZDYdy7AwJ,3
fVWklyolnYpMBQwpf8QIj,3
tOxhrxUDcw7SCVrjAEe2y,2
I1nU0I8prMjSK9iZvK8E1,4
ptNA9uR0OhL8kmWEUPk13,3
cPxkS46xbT9ySxF2nuWbf,2
ymweN87j79k2nrTrTrLpy,2
PZh3y00u2WgTWsdUKVOTe,2
eQhOaP26ehlc8NRmcKo0G,3
C2ZnjevleQUbioED7DW0C,3
6u4FXNOAaGnYmJckkz17D,2
laSBsKTAj,4
sSCcd9XnhRYOvmBN03Z8t,3
nYgqraEJZTm9HrfWmLbEp,3
178ed546fc7448c788eb61127e40bc08,4
M96mQopyrtlZvw3nIpIfS,3
h1CwuhgMvHIxNPm7hzDaw,3
cCzinCwXP,3
Z0wMM9i6ghRCosnGoehYa,3
mV3iKMTkIJn6pMfoRZg5K,3
X6mswYSXvvaMMjC5M99CH,3
pNdK6ehRFIlHXlUA6Ju3p,3
JalV2ZiR7P85HeyabSDdC,3
K3VM0w0TlSamrY1efyRNp,3
fL4KAqPQsgxoZzGnNJwwZ,3
iiAKrYxnbX0OdlLjSi5hw,3
sxfBbXDDmwbbtwCACcTk8,3
MULkse9tgPhRvUSPZWMAR,4
ffn6LheFUXOWppcGzIlre,3
GrsZpCBy4bLZe8bcAhJWQ,3
X03H8BNM93XN67pmqQs6l,2
h7R2WIjCUXJecumik1bcQ,3
pbBrjymZ1FwHPx5dwkXWj,3
JWQliUIgwBd9bclRDWHgV,3
jIaKrp4jBCA8b6J7uZg0X,3
TQQOXzzRxI0a2oBwjJeCl,3
4MU1GWiyJ7yus6V1hvGD7,3
ZFXBZzvbyhLISBk69p5OJ,3
gyaHiqcoxaWTMiSRHemdB,3
oRDzk0newKgoMf4vABF38,3
7YMj4glxN,4
nWON9ymt1Ha7gCuAlIfli,3
PxW1dJKLmAoDEFUnpGgyh,3
rYS3jaF3hwULCzuVDe73N,3
0J9RfWvHfZutiWWO9KlaA,3
SF2YmCndtuMcPdNfhgDaP,3
YgTPX7bI7cTii8vqsQp1h,3
OT4CCzRQTs1w8wHvBjbcX,2
SgERnHOHnPalyajm0jASc,3
GUYSuDkesdASWVBPIyib3,3
hCF0pHXCIGZiU5PhTTlTJ,3
FkFy1dA8XYUIWC6cboRrw,3
S2hKVUzwIbmu4GWpFtc0P,3
t11tQe18HbCCL58m9y5zx,2
9uS4M6E0HbrP5PRny7hmy,2
1xVyptYOk39Pl7N2DxmUy,3
CGMm2nd3Tic6Z0FuMetIF,3
qspgKFvhXXAvbLmAH8vZN,2
7ryk4iCXv5B5oK7FGxyYs,2
eca0861593e1431f811302dc12e90342,3
MICz63MyjmWGQc6eZF7I7,2
DHtMen8ggwH5qRPXOujSK,3
gVbLeQIIOfU0y1l2o39sB,2
te9tGEhMdBlcyN9mCVIEl,3
02AaOAt5wMK7HUHaWbPD9,3
tKXSNtd0mCJ1YZQbTBfhg,3
44V9oUNdyQohUPFsJUJ3s,3
BKmlJEO7e0SpggASOEi5U,2
FGZb3skcUVjgbZY9uSv8p,2
OEQNKkxrT38f52xdGRmka,4
eS8idDPGe5jjLLFzdBnB6,3
P3DWVvsWS1Y3QESrORTjh,3
k3Uw8tgIFtYI0mxL3gRyb,2
NLXsp7HCQoYQHTmVn49Zy,3
08ST2mz8TPDvGPQtBCOVx,3
HCXhrjsFGqfAWxljHpm6A,4
ofXW20bGdMZ6CmTwbpSip,2
i49kdq78b2GIyZCtA5wzu,3
mj0NNbPH1wFIxi2eudEZW,3
HhrjUxhvvcsSjVccb92EL,3
08GHmINtr,4
YJCc8QNrH,4
ShozDOPd40AgCqDjnphtc,2
NaR8nnpzWa39zoDvaUMT2,3
vzwVadXv9cZ3ChNVplbGQ,3
aabmwY9Qb1gw6oP7cKyBv,2
Z2ZMgy20uzMCTkqX2vwJP,3
26PkgYJDEJNvgnB8if2u1,3
LaBfL5hcxFdSJIbtOvUPd,2
OrZoJyshfBXeqlZpForZi,3
PndAxHJfsivvN7AiwWsU2,2
W0czytj7tbQWDN0u0gvTR,2
5N9zLq9RWOWryx2vrOSag,3
a1ZRZkNTVYNwWe1d2h6Zj,3
uyjxq7ZZ2yzs8EXPNeT0G,3
LPDuKCYatMfinqpnGUCMO,3
z7ucEhtGxBkB2vtvq4WqR,3
eKveWTHfKA2dlWsW1RqH7,3
BUiSoJdPpYAfKuuOJf5Os,3
hGwkKo42goYWhVJCd5qxo,4
8GTSva4DqR1aHPzkj6rLo,2
7yS89zlQaRCTinL9mlyod,3
cKejCt6ga8OnnNHsHuMFk,3
iivT3MG6fmEilu8OtRuuP,3
kpEDaLVn6HULGDYr3jA0l,3
OmLheuybivu40u2Ycn6ij,3
TMfoNvyUGn4K0EerLJWr8,3
CruZLvzfB6YrGw6IsgyLQ,3
0hivm9FMxerAyhX6gRpfp,3
Y54EkArDfb3f6fALz3bC8,3
FbEg8WpznCXW5T5m5WG0b,3
cNyAfNmJkwH7nMW2ZKp2F,3
yYSYdQIqJIdhsHkxI6gbg,3
d0N6g6KnHFMJ23xLcKEmP,3
20Y6gdaq2BavNNaqi7Jyy,3
m6oASLNCQEQ3dlowp2xWM,3
PNR93CS4g6AmHNu736khR,3
foEthZtVBHjW9bBZ7coAJ,3
MsxctB4fz6gkTRJvZGs7a,3
QL5HvbU6Cy8HHuxPiYv9l,2
mn8J5El9F2YiZ0SbxSKqx,3
tZb1Ldr41Oy37XWrF0zFS,3
Cu6cPrgHWv8xTKRk6qGUc,3
X8XJoK5wF6jacvn0MZNbc,3
BZsdIp1w3dd52vQq0pIpL,3
64ZdSoPr3STm3G9ln56YZ,3
y84JN6sqIDXKCIyJDfkUQ,2
CdnUbOqLy,3
4OpcjVIFyjGypbEMKGiXP,3
JRvr6zcxbC7B1cTJzCFbd,3
Vfz8eIt1VrIg4mDFFNVWa,3
SwS2nVx8CsbTUEhZO1WWN,2
qj9VfyNNjmLh9kUGJJghV,3
jAoE9G0LyhcHycjPfWPX8,3
W3LEJVLjXHLMd9VjN3KND,4
gBBVuSM8aVkwwyKinKTFL,4
MCHMnXAsPErBex5Oij42x,3
mi816kklnXr1yt03Atm60,2
ioweiTFHc,3
fkdedSCVV1cBlOXlKlGUy,4
FekyZe8CeiongEvPcE9hb,3
AoXaEHoXr6COXNet3SX34,3
Bac1ff0Qn8Nud9x9uue15,2
i6BZFYe1XlQtNCLtSKc9E,3
h8OqUMq8SNhGCHM3VhRKF,3
RJ2jtRbrylLM516LTtRoo,2
YUWQJegS1oQUzh9ocqQ9o,3
NRpGj0KIZsSb85WNDdJex,3
l4hRyJzTAqc3rgtXfIsYJ,2
72LUQPmjPsvJ4uzFmfwyQ,3
sbqesanUpMJ0lXEPNQOxk,2
wbXEGC1HRVIX09cK0vo5o,3
H2BcQK37wAu436SMwRXs9,3
cyb1dU6kpmqoPpNtXDo1M,3
ytdYEMLGvcjATsYow5ijP,3
he38RINHglEIT0m0g6MmY,3
xVitHZUacfCZ85HDGNn0J,3
5aWPGGkCBRd8ja5H9antE,2
0LhVbr2AwNGFP3IVXEpoL,3
2TmfsvhtQZTlBZsayXCUP,2
C7pkJHazRK4OTGPQj8qXD,3
0tTL7KqCOoedmwlQBFoXu,4
hTjrYDQbjluld3YC4WUq6,2
UFOlWOrHi8xxYTl6EKVWZ,3
xgh7zPA27kztrhj7R3cdh,3
6m3e5xLrFY2354fTxwO5M,3
4bdrJLRLOSDjgCHXvSi3j,3
FRHJeYDa5jMytXOkFFWXn,3
PiqViUukjDfHzTuoqNZKg,3
DMPyzK5V151sgMdhGCscB,3
4B4RIyyp0lDfAkWWIEsrB,3
5zumKmzqaXHeYi12rWB4m,2
GWF3ko1gcksnPKA8yWCYp,3
ZumEC5UcRxAwmNu1usu9w,2
czr2C1aa4VLV8UXhnp9VA,2
474HgEkmkstZRkFZHsoz1,4
4ke2BjMRCUWxjGpVAgO06,3
Zu1T6gUMeRqKYyt7DgvhM,4
gMx9G7CHFxxz4gL3AyU8l,3
HYCQiw24ydvu0gbGPPbso,2
X9n1H6SjSbPttItR9Lqa4,3
2l15qqIuyxzUdMPi4MINS,3
FH4FSCnn8Jm8AnpAgGEhH,3
vP0ww5Uy3xSukOKfEajFW,3
73HlZi3YZQh2fAlrv2Rbv,3
s4Gvtyif3oGb1DXet7Lw9,4
AiRFGnAWXV256Gbre35d3,3
E0X3QMwQtLg5ZGMdIOX0b,2
72ixbr9CCOM4Sro8PVMd3,3
ojubvnSWoZawauJ2G4BvU,3
n4Pmazq9GqqDL7o4tDTdi,3
j4HFz6FAWVSjmU5tfYmsp,3
HIHI0lGiLSDAtxt9WBmru,2
RiAWNmso3,4
G7Ol5LXIC4NG4eaR0p3Mj,3
oaYG9bmhb0JN9FLlPHI3O,3
hfbJe0zFYPW9VVzmuAGtQ,2
nfg52YXaNVXcCvw5IQ6EF,3
pEg02tQnYmJQkaa6R1an1,3
LJLFrP08gvhf5kVqBAg9k,3
fN4qEOviztWDEzUJV9OJM,2
9FCIXax8KiVu2JYLfZXfu,3
0gA9kbdFNbmPaGiKbjO1E,3
016L12RCpcczzDENbYuwO,3
D72xkNLpDoNhqdZxj4Vts,2
iLXtKTF6FjN4hxNdIjxh1,3
BbHdGc3YFguGQaEw1Aruj,3
qORBFeNzv,4
wzxEW9abIlu8Z6BDoftKE,3
KI7kVhOgo3nBqa8f3JXI0,3
47NTxiLOZqpqFd4RC2Bt0,3
zA1SVIYNEgvZFvdjfpMUE,3
EjXNSDcgyFA4E2WZMfYOW,2
f3kAL69FvYqqMgiiNJbDB,2
9QPkzETC77RanE2goI3wH,3
Aur2av37w5pUEjocySCcz,3
zUTzLN6uDz5Ac2hXxI3Oi,3
tStk4P1pvQvQoqFRU2NiM,3
U8wHaHeEVP3ZfAHCqbuRj,2
zfPGHk1ta5NVxs2w5BSIx,3
GZCCP5e1vZar4jKtuUxkB,3
vpykGlIpyfK50lM1GfKWh,4
joDdVM30zGiDn6TkWh0pD,2
EZLo65YYb9Rpcu527BAxF,4
XZEgomY1aYlHOH9bxDpKj,2
EYF6Gbxa86OJuUZplinPG,3
wDpstqw7sf4qBiV3EwKyK,2
1jziqul2MJFXF3hnuZXBr,3
zB6K7yocKt1HrDXHJLaZi,3
uwo6fZ58HrmGbN2UrOhDV,2
eusTTeAC4FaSfjP16jrt7,3
seIioRTI3XbtHTHkMPzYV,3
g02thPC74GU4JUXnZi7SI,3
3lMbs8xosQsuDpceev8jZ,2
u2P8hqwRFA3jggHYz1fe7,2
Nn1bpWbLcrzljEFvyRH8p,4
C44vQAeDuwXRIk5C1L8k1,3
mrGWd57MhBbDU8WsOEJW7,3
RbwAWJwX0sYIJWItpFgQz,3
24yo3sscqUYfXDvsegxQ1,3
IQbLalmyu6ZbSugItn94X,3
z4SUyHffQKjwrHrvO1m0K,2
YYI6lJrYa5AeZoZuu4m98,2
WdT4Qqn76KkVLxGJkYO38,3
tDyt9viBBhcRd1FNXzLFv,3
vmG2VXU8Gye1xIenPhJ8E,2
6askwYFFTzpYbR6hOEw2h,4
xqMb0FqJvGM885zuIpn3i,2
ns5zcUU5XsrluuCrMRJW2,3
ANPI3TtrQyKGlCgMBV5YD,3
Jwzrf2fxPRydKqRPresNw,2
q5KP6AY8gI1guMIkfjjrs,2
syu3AAB9EiUDODJSDSoKf,3
tLmk47uAxP3xklZZnYPo3,3
uHK5QsHPAXA0EIxqswCEj,2
Xql3xZcApIRTADBL1ACDT,3
FvLSruFBPlnnfRpbN4XOH,3
bpBYwW9L9ZcdBxnNs8AEQ,2
FhXsG65VcAy6ZD0vIF9df,3
6PDRfLcS6q,4
uuCtzoTzLR9v2BOdANveB,3
XA52iS6Ph,4
RdsEiIZZ4qeRYLaCLQy4U,2
17NaNY5IQWGu3yrElZsT0,3
iWsXCiRVqMtHkwG3DlO4e,3
2b21Pzbby5cixFXnEqMbn,3
dGQU45VW5yXjwoJWHBGH3,3
qp679OYgm2UeyFPjpXRNv,3
FdoPZFwS5w0W3s54UA6pH,3
e7tCNsnwir9Awpgu6It2Y,3
WQfrrQVSh5EUmAZuKK7Y8,2
rZIueumSJQzK67prBmQB3,2
QGekzwMA9gPHhlkVO0dy0,3
gQRGEeFTHtzFUbP9o5LiQ,2
jPWZjTBdjQLXYfjcgWjBz,3
YVpRsfANvnbDGIzqaIw6v,3
cuxF1hDApVuXoIAdrV3Z0,3
dvLrGSo6Ghn9qwoT1nm7S,3
CVxwtfuVl0OAyZ5Sy4b4o,3
HAGqVcDATKef4R7dZILCe,4
WEUO2UxYeyhyJadDaNYV5,3
RmRH8CJRRlK9PdRYv2cpx,4
jmtoV4pbQAkps87q944Cd,3
LRq1cGaWiIVCMChAR7N7c,3
1WTuFPclgyEMk09ZmAnA4,3
fc6sBKH4AqOMzbtgts9TH,3
Z44cGfAZI8rhgWB3mxprN,4
N1haHq7VadcDdLu2iasQj,3
PICL56yy7OoUw3jHAUz0A,3
3U07EskkHcn3Lk3UgM0B9,3
2XEkyBiAliDcJQTnNTzkn,3
aUHwWsFSNqD7dTkk73SyT,3
eQoqism0x8ezL4MS83hc1,3
1sXXkqorMgFeIzxZa6zA2,3
DPQadRG8WYrsEDB9j5bu2,2
49Gn4c8DrbXrNoTDd4Jfc,3
Lpq7ptJbAKNEOLS8F81fw,3
AfsKmAd2JhodzlWzmyEI6,3
5gAgFyFQfPBkniStruEru,3
dLw2SjDErpS6zBZENeShn,3
xRogTPsxXxyAMGO9sYfAW,3
guVNmxuBePbr5LqGzuhFC,3
L7oTtlXjRtrZzSmnbNPri,3
MR88Z5LorCJXjg7TE3z6m,2
wK0AFhPO9FPJfPtVmxVmb,3
FojIr27rl7KthkSqfOWd4,3
ZYnahK3Ybx88UMxpHAtgo,3
T1P92S8WgCRjOlJIcc3tg,3
Bj6RFtsqddtBLg6byqvd7,2
BzADpy2Twlh2H02Orwe9Y,3
oHlRbBkvQTp4Y7CR0fmZe,3
l825B5oo3uupfC9ZB1nQe,2
ttP6KvvA_,3
zYKcQ6tbwGGquuvI73tyh,2
Rjx7ZMAvssu12Q9H9pyye,3
SMDEScYtBVQnm00ilLXNn,3
trj2kJkwx2C30D3KLwvnk,3
jVj9fXkqifwuUCRM3bcLy,3
QGaYtykHOK40oKdRGUKix,3
H0b7RpBhqQa5CYq6DB6uo,3
OQU4ckVUM0pqy0RpiQ4RU,4
wUr8heicwmJxSr3lDtWXR,4
RlTKIT4b7tt6q9UTJwSrO,3
WoiWpnz2xJfKtSiIJA6Jc,2
RSO961MpXmkjVZyaGYQLM,3
GCB37CHnfLBV5Y8sfalxN,3
H3qhXLwT736O9mcKdLMTq,4
4EKkNrfAL,4
xfbDa7xIISxKVxsDmYzSK,3
fRiCo09s4W8rrZfNpiDIq,3
okbyz4mH1bsnFbkRJw6GO,3
PkNB0NcufkI7fohRlN6yq,2
M79iiQSBgGWs2tX2Bwv62,2
wvSne48gMNV4k00sQfzml,3
6KkGfCyxdjxkI9MNlGp24,3
lgxIHoPqbqAVasWDVkbO2,3
Sn52Ic6Y6LB4B2ZteZ8ko,3
7t6wRExkOXPQVP9zHjkxi,3
OiWCmXKtExcVTM85VFmCk,3
Ym5tYD2R7Z6t1pxFemR57,3
BSnmejgjFDBIsmZS3Ahuc,3
0mxFgLOfttMxW0S7Tw2iX,2
6NUkhnGhcr2Rtk3vZt3RZ,2
xpH4DptcrHBIYRS6UFTzd,2
iDIAerElrPv5ZdupK3SYm,3
FTN6iQ9KhU2wQjKYeKAW2,2
CS8K2Qh7ROwJsd5wyaCJD,3
5jMjVfvhTQelnqVgfprwy,3
-EvLWbMLg,4
ZOAfsauQKvz5xmdqJeYvt,3
NTj9Fdft1XI0Jp1Wx0bFk,3
oKHpuLIxJIVsKYABVIjOe,3
NX85xMA9svyfZ0vZ1EkRf,3
MAMz6dABwlpnZanZIKa9i,3
qyqAXdVyWcGCPFGXLJB0J,3
ZHXOQGAtVeFd9wEE7LOUL,3
bDUrDmaD5zYL59VPTmTaH,3
Ek0F3ZHkXnW1Zm7tzZPHs,3
iu9orEUJfv6W4MMKCx7Z2,3
OnNEKNTzru6W39IwTi5I3,3
cXhqmbEkDh7t9ZgXypbrr,3
AK1i4lgP5al23uSGyEG1m,2
tAC4bwGtOpgNqwT1O4wPo,3
V0tBrYbvJ5m51xcZEOhua,3
7qRrnUXsTbjZGRun1uzwA,3
f34Oo0tFjxOp4utFXdCoy,3
FTo3P4HdYTIi0t19WKuay,2
JcvMKp2xVz4ujErc5x5Di,3
OoZbIyztcMcfVxOY4wGRg,3
Y1bs2L2oZVNerETHofdNs,3
zPUkhd50FmmXSBp7j725s,3
hddci0UD8kKuutIkDKZR8,2
oth7uj5owyvFQGGQUSocI,3
9ujMRK8aCsYl0TU8xlHS3,3
niQfwfXb3MYsxND0rpprp,3
79uXPxgaDiun8e5mpmVFs,3
sLSaxpZB7K0K9BBPSICJo,3
S1mrm3w7f99fWoGC5qLub,2
Gji1NWTUQopyGlmy6WaZg,3
jgSD7FVyyLnOX4jG1r8qL,2
RkgIrZ911sddwq6DLBHfi,3
5dgC5YKeqvInyTNHJk212,3
J9TMhvBbF3fLWRoUVtdgY,2
ZoVSdwfD58Are8qmUKNIC,3
D9gMDdxmDWD9cOFREmTnQ,4
e5B33iYkt3qkKbE0APFtZ,3
XalS5NYkpwhAmdBpBul2q,3
q3qMdVkdyQo4GqiXRS76D,2
trJ8ziE2BahKPGMnyPojQ,2
0cUeSSnmuYyroPp0eTF9T,3
OpZKIxK6GLlFC6TwQ8Ham,4
ZjtnWPee3dO3arRZQjGX6,3
WNadxEfsh32vZVfiF83XK,3
uVwEnzegptLC1A87UVj9G,3
JiCUAPal3uJrSAG4Jvna5,2
vIpNyHLGxHjYmxKo6sD3I,3
FClGUjaHik4Y0fthvDicj,3
WHuqRZUrVvRbt44eF3QTQ,3
HUnJkTrUv3bLKwEOdXZ6k,3
u2nPJdVtNHL5WZ83CCWkf,3
My6xUjuQ2jCHGmxqgo01p,3
d26JfdQKYE3bSY3vWxUQv,3
IUplv8oK8f8jhVvPNSwED,2
F8MkgCjxYLbm7p51YTzLD,4
t3QmCPrVt2E7sZFD2qmq8,3
PR9Z5rtCgwlKEZy9hwHJv,3
K2ovHfnwJtxAAIppcyjCg,2
WlBQ4b7myv8LV2Vh75RzV,3
AnNOSp60Yj1YfspLwNV6k,2
htNUJWE6j8ha53l0htKfp,3
wbOY26NissdJ72zpzAhWI,3
2bd96b984c864d8d975bbb6ec59596a9,3
hyYaxVJTZBilXRVOOTJZN,2
p25gsPwzaQSENIt0UlAa6,3
wZ4Cc0h4U2cDmqnumKJUl,3
UnMEvnqutgsuNA5bXxM0y,3
3VP2YKJpiaIDr7vMynGpl,3
hKlRJsvIC4E8bghZS0xVD,3
0GJDeoIIMfR5SSqlpCXOH,3
CSfTpBnBKoJeY5JEDTutW,3
rEybjwtt9tqUfN5Pze8ja,3
MSfUs8tysZGeU0ARUCTrs,2
7oAJPiYlWw3lcDZw1jh33,4
3cVCZ8jPrDYewbGqjATCa,2
8JGmugHXfmf9VCXpV1d00,3
RamO1KGRfhgbePOy2Rdy1,3
OMbALrBvLoovGpzgVnEQo,3
7fJeSDNrHny3yNRPhNl4Q,3
YOpDvukKwwp3rmhMppJh6,3
l42ybZ6Fv2tWRa87rnbaB,2
RH1zbAhprGZNzNMzqgLTd,2
kRzy9MtvY5vlxZnI70yUi,3
d3i3zUHx7BCD04dNgHUBw,3
SypHAnvzjE7yQb6AZ5A8Y,2
lTXcr55EZtAWQ8ecUivbs,2
rpYXJspcOQNR290ccSQ30,4
NjEjnbpyGW3n6GJdAmkii,4
BPJMZyGUfwOamrDXl9hHa,4
w31xUfRZeG,4
chlNnXG90aRiUt3sQIPYs,4
A49q3vnTkPH6bxp2uaxJF,2
ayK6nurOtgv7ftkoHd29z,3
dbxhjDtHeSDunEz1gam5v,3
fzOcGQxvZYk8m9uEfY3Ts,3
kl10MeTl8MhBTj1iQ39Wr,3
HioVyC3BKhtQDi6x0xRRx,3
cSLAVE5Ae1Ue66aHNrqB2,3
dJVdacd6wdrqF5Dp7gNxI,2
QygTP1l7uQv4IkSaPqkSQ,2
qKyQO7p1QI5OApmSQp1LR,4
z5J2AIQfonLhT77lwfyEy,3
xmWUKSRsSuZsmUaAkh4uc,2
ScdluRxxxIlE20eiWSQdn,3
4ERNfwlZMK8mXgwiplBoz,3
sIXAJRIhr6GxS481AaXRQ,2
pTYis0sspesfx3qbWZjnZ,3
zn3UoJVmKRm9944n6Bx4F,2
87IFCvPjwzOpPiFYoMmKd,2
FgbBSirR4eKIG0LcgQ9tP,3
huqVccQV1vddDwOxNzxlp,3
4TDVT7KQcz2wfxW607Alp,3
swt7wDGGiXkbClePglhqw,3
qd68uSTagzkYLn3kmi8PA,3
NdiKo9QZP83BdQcgH81VB,3
T5c9gV7TNFIwUw03rVOyK,3
yb8B6INRVHtrY7QlKH84o,2
7bdWO6xjwdyyFue2gHBqX,2
isPW1AaaFSB5rGDuMoypP,2
ESSTc2gJdDzYepxDEC468,3
rdKXNGRlXAFuiISdVh4Zf,3
JJGJNmAY4pzvwUkfoqocy,3
GFFnc3qpVvu28GAK4Q8TW,2
CqiWRJCG3TpYAUBOi7ruK,3
SqZ9fA03TNb2M5XbkXT2V,3
b7gDHJENq43EFschU27s7,3
vPToRc766pjYBVuXS8YtW,3
STJVhCVrVTHuOTG1UlWPP,3
Tr0Vg8C63SCLGpRYU2yAQ,4
ngdwDce8FZa3NjmGuwQvQ,3
GnOGRNKNZWmsWypDcvnZS,3
hmkll2czTY9YzP1LXO1C3,3
0x1wezBiNa1e5HE7PO9GM,3
mSG4ErjZGppifqKFv4t6X,3
JciIhowtFUp89yIIUq9fk,3
dHQKoljory2XHAy5ntbVM,3
s29UWyMoS3vy4udKaQS6K,3
OY0lBj9gttfzgXJHfJKW4,3
AYIIqKFCWiOIv4ZLMxLhl,2
qM22A3XQ1TRgZnCMFc5C0,3
bhU7FSTdH3RWlgwpYeBMn,3
6SEOvx52eCJmhtGOXUtUr,3
t1Q7Lk2lzrtsVVCpAbdWz,3
KcGypN0BdsnfaCVcdfyKi,3
G76xRoMpuH,2
fxhASpWwZm8GadkJVSOYQ,3
dhBtusxpVQ3uO7zalinNO,3
5dgB0Ac9iQGIvWxKTKBHO,2
QleFEGgBtUiEmqcE6c7mP,2
kX2dRqKQO9dUKMI4SIcR7,3
V4N8CRKLj0E4873Ti4pD9,3
c2GQDSEImPO64xhOUOnUq,2
7dxIiShD7P4jQazWiHFR4,3
rXvpj8aSC28fME33uLx1w,3
YRezkYhLFmQL4P8MpEUEt,4
wBG1csdkVOf0pDHoeQYA2,3
xNKmglHuGWzXTZX7BI1Dz,3
gkwkqbSJW3TR906PRa9uZ,2
8s1LdMslxzibA1DDSKoEy,3
b45eaiKLA4PjRHuu8Vk3i,2
lxpxEhRhEeOzGTvEkR22O,2
AWEeZ2tghR09atNSQyCG4,3
bxqm9DhvOy2IpG79PJPg8,3
Gy5tFqTpNcQTTmeN8kVJb,2
E4mMENv5W9fNQH0vd4q2S,2
ePMqaUu7L8daO8k9Fgk4o,3
SmXcLV3edQjNl3yZhLxmI,3
WZB-N-025,4
rxEOvaApsE1jypxLnsQls,3
4qszAhGXIEn1rxVtVP28I,3
wLaHW8XfKnzKDq1QsjfuP,3
cjxoyGLQ2FADLrqQPTbw4,2
eFlNZFK75XGAQrpNP4LmQ,3
fEzcU3HBieSKOUmkRCrcc,3
4Uy9opdBiqIvIksfS48dN,3
tqXJRTDXnDxPrv3ldH0mZ,3
6OkWS5QJwVaJ5b3mnEnQO,3
RkMwRYe3zFmEHKEUkc04H,3
o288GrgoQUml19pinhleK,3
yNcc3Wdf7G7zy8zMxEPGD,3
AAwMxqyqzNMG9WfuthKVB,3
mXLEtqJh3BohsSHWGuH1s,3
VJB91dhtT8T1sX5vtU8zC,3
wFBSkSWmfHaeKIDqhAQ7b,3
r3igKhuZ8VlP1X8uGJI5B,4